,names,cluster
0,aid1252_description.txt,3
1,aid280_description.txt,4
2,aid2429_description.txt,3
3,aid55_description.txt,5
4,aid549_description.txt,3
5,aid2117_description.txt,1
6,aid2286_description.txt,3
7,aid1834_description.txt,3
8,aid748_description.txt,3
9,aid1802_description.txt,3
10,aid268_description.txt,4
11,aid871_description.txt,3
12,aid672_description.txt,3
13,aid1771_description.txt,3
14,aid770_description.txt,3
15,aid1231_description.txt,3
16,aid2318_description.txt,3
17,aid1647_description.txt,3
18,aid626_description.txt,0
19,aid914_description.txt,3
20,aid471_description.txt,3
21,aid2458_description.txt,3
22,aid435012_description.txt,1
23,aid2110_description.txt,3
24,aid2149_description.txt,3
25,aid272_description.txt,4
26,aid1708_description.txt,3
27,aid651_description.txt,3
28,aid2029_description.txt,3
29,aid451_description.txt,3
30,aid373_description.txt,1
31,aid1872_description.txt,3
32,aid115_description.txt,5
33,aid1500_description.txt,3
34,aid445_description.txt,3
35,aid2707_description.txt,3
36,aid1147_description.txt,3
37,aid256_description.txt,4
38,aid334_description.txt,4
39,aid163_description.txt,3
40,aid1440_description.txt,3
41,aid2690_description.txt,3
42,aid1835_description.txt,3
43,aid1216_description.txt,3
44,aid1722_description.txt,3
45,aid1380_description.txt,3
46,aid1221_description.txt,1
47,aid1339_description.txt,3
48,aid1587_description.txt,3
49,aid819_description.txt,3
50,aid198_description.txt,4
51,aid266_description.txt,4
52,aid1750_description.txt,3
53,aid1484_description.txt,3
54,aid1812_description.txt,1
55,aid139_description.txt,5
56,aid2467_description.txt,3
57,aid1075_description.txt,3
58,aid768_description.txt,3
59,aid376_description.txt,3
60,aid2728_description.txt,3
61,aid1952_description.txt,1
62,aid1316_description.txt,3
63,aid1568_description.txt,1
64,aid2298_description.txt,3
65,aid2711_description.txt,3
66,aid1496_description.txt,3
67,aid878_description.txt,3
68,aid435_description.txt,2
69,aid362_description.txt,3
70,aid135_description.txt,5
71,aid710_description.txt,3
72,aid984_description.txt,2
73,aid2178_description.txt,3
74,aid2723_description.txt,3
75,aid1112_description.txt,3
76,aid155_description.txt,4
77,aid41_description.txt,5
78,aid336_description.txt,4
79,aid2395_description.txt,3
80,aid1594_description.txt,3
81,aid2802_description.txt,3
82,aid2761_description.txt,3
83,aid1333_description.txt,3
84,aid977_description.txt,2
85,aid2023_description.txt,3
86,aid1000_description.txt,3
87,aid2037_description.txt,3
88,aid344_description.txt,4
89,aid2598_description.txt,3
90,aid2405_description.txt,3
91,aid1029_description.txt,3
92,aid2507_description.txt,3
93,aid294_description.txt,4
94,aid1801_description.txt,1
95,aid2004_description.txt,3
96,aid1819_description.txt,3
97,aid1489_description.txt,1
98,aid681_description.txt,1
99,aid1817_description.txt,3
100,aid1731_description.txt,3
101,aid1615_description.txt,3
102,aid2164_description.txt,3
103,aid2123_description.txt,3
104,aid1774_description.txt,3
105,aid378_description.txt,3
106,aid1486_description.txt,3
107,aid2030_description.txt,3
108,aid2613_description.txt,3
109,aid897_description.txt,3
110,aid1507_description.txt,3
111,aid1525_description.txt,1
112,aid885_description.txt,3
113,aid1260_description.txt,3
114,aid894_description.txt,3
115,aid435034_description.txt,3
116,aid1544_description.txt,3
117,aid466_description.txt,1
118,aid1282_description.txt,3
119,aid383_description.txt,3
120,aid575_description.txt,3
121,aid839_description.txt,3
122,aid664_description.txt,2
123,aid856_description.txt,1
124,aid1328_description.txt,3
125,aid1940_description.txt,3
126,aid2457_description.txt,3
127,aid2780_description.txt,1
128,aid1530_description.txt,3
129,aid1324_description.txt,3
130,aid886_description.txt,3
131,aid1800_description.txt,3
132,aid2095_description.txt,3
133,aid1155_description.txt,3
134,aid1373_description.txt,3
135,aid1187_description.txt,3
136,aid2753_description.txt,3
137,aid884_description.txt,3
138,aid1526_description.txt,1
139,aid1074_description.txt,3
140,aid2311_description.txt,3
141,aid1691_description.txt,3
142,aid1096_description.txt,3
143,aid2414_description.txt,3
144,aid230_description.txt,4
145,aid2001_description.txt,3
146,aid591_description.txt,3
147,aid292_description.txt,4
148,aid2239_description.txt,3
149,aid1314_description.txt,3
150,aid1406_description.txt,3
151,aid1644_description.txt,3
152,aid2297_description.txt,3
153,aid2159_description.txt,3
154,aid613_description.txt,1
155,aid159_description.txt,4
156,aid2265_description.txt,3
157,aid2383_description.txt,3
158,aid1213_description.txt,1
159,aid75_description.txt,5
160,aid1803_description.txt,3
161,aid1159_description.txt,3
162,aid1490_description.txt,3
163,aid948_description.txt,2
164,aid834_description.txt,3
165,aid2218_description.txt,3
166,aid1416_description.txt,3
167,aid1554_description.txt,3
168,aid1894_description.txt,3
169,aid477_description.txt,3
170,aid1154_description.txt,3
171,aid850_description.txt,3
172,aid781_description.txt,3
173,aid647_description.txt,0
174,aid1885_description.txt,3
175,aid208_description.txt,4
176,aid276_description.txt,4
177,aid627_description.txt,3
178,aid1851_description.txt,3
179,aid1376_description.txt,3
180,aid2214_description.txt,3
181,aid1953_description.txt,1
182,aid2422_description.txt,3
183,aid858_description.txt,0
184,aid1462_description.txt,3
185,aid678_description.txt,0
186,aid1811_description.txt,3
187,aid1577_description.txt,3
188,aid2388_description.txt,3
189,aid1532_description.txt,3
190,aid680_description.txt,3
191,aid753_description.txt,3
192,aid600_description.txt,1
193,aid738_description.txt,3
194,aid2710_description.txt,3
195,aid2487_description.txt,1
196,aid1434_description.txt,3
197,aid1058_description.txt,3
198,aid624_description.txt,3
199,aid2689_description.txt,3
200,aid941_description.txt,1
201,aid766_description.txt,1
202,aid1227_description.txt,3
203,aid224_description.txt,4
204,aid2712_description.txt,3
205,aid863_description.txt,1
206,aid1413_description.txt,3
207,aid818_description.txt,3
208,aid761_description.txt,3
209,aid1214_description.txt,3
210,aid622_description.txt,3
211,aid2294_description.txt,3
212,aid547_description.txt,3
213,aid2623_description.txt,3
214,aid1275_description.txt,3
215,aid1564_description.txt,1
216,aid1898_description.txt,3
217,aid1671_description.txt,1
218,aid901_description.txt,3
219,aid931_description.txt,3
220,aid2579_description.txt,3
221,aid1593_description.txt,3
222,aid993_description.txt,2
223,aid1222_description.txt,3
224,aid1030_description.txt,3
225,aid2296_description.txt,3
226,aid746_description.txt,3
227,aid947_description.txt,2
228,aid210_description.txt,4
229,aid485_description.txt,1
230,aid859_description.txt,0
231,aid1508_description.txt,0
232,aid2804_description.txt,1
233,aid1982_description.txt,3
234,aid976_description.txt,2
235,aid594_description.txt,3
236,aid1433_description.txt,3
237,aid23_description.txt,5
238,aid481_description.txt,3
239,aid1226_description.txt,1
240,aid242_description.txt,4
241,aid2120_description.txt,3
242,aid460_description.txt,3
243,aid2010_description.txt,3
244,aid2464_description.txt,3
245,aid342_description.txt,4
246,aid1919_description.txt,1
247,aid2132_description.txt,3
248,aid2494_description.txt,3
249,aid391_description.txt,3
250,aid1870_description.txt,3
251,aid522_description.txt,1
252,aid1369_description.txt,3
253,aid410_description.txt,3
254,aid786_description.txt,3
255,aid1674_description.txt,3
256,aid2709_description.txt,3
257,aid942_description.txt,3
258,aid2183_description.txt,0
259,aid1936_description.txt,3
260,aid1595_description.txt,3
261,aid2584_description.txt,3
262,aid2450_description.txt,3
263,aid628_description.txt,0
264,aid2069_description.txt,3
265,aid1904_description.txt,3
266,aid322_description.txt,4
267,aid1163_description.txt,3
268,aid483_description.txt,3
269,aid1441_description.txt,3
270,aid2047_description.txt,3
271,aid236_description.txt,4
272,aid1709_description.txt,3
273,aid1777_description.txt,1
274,aid773_description.txt,3
275,aid1491_description.txt,1
276,aid1007_description.txt,3
277,aid1062_description.txt,3
278,aid2794_description.txt,3
279,aid618_description.txt,3
280,aid934_description.txt,3
281,aid1892_description.txt,3
282,aid1664_description.txt,3
283,aid1828_description.txt,3
284,aid1924_description.txt,3
285,aid157_description.txt,4
286,aid1248_description.txt,1
287,aid340_description.txt,4
288,aid846_description.txt,3
289,aid39_description.txt,5
290,aid925_description.txt,3
291,aid2020_description.txt,3
292,aid1896_description.txt,3
293,aid2017_description.txt,3
294,aid125_description.txt,5
295,aid1191_description.txt,3
296,aid985_description.txt,2
297,aid1105_description.txt,3
298,aid915_description.txt,3
299,aid851_description.txt,1
300,aid1294_description.txt,3
301,aid1927_description.txt,1
302,aid1042_description.txt,3
303,aid778_description.txt,3
304,aid2407_description.txt,3
305,aid1194_description.txt,3
306,aid928_description.txt,3
307,aid787_description.txt,3
308,aid2140_description.txt,3
309,aid1023_description.txt,3
310,aid1253_description.txt,3
311,aid2184_description.txt,1
312,aid2421_description.txt,3
313,aid2066_description.txt,3
314,aid1347_description.txt,3
315,aid2818_description.txt,3
316,aid637_description.txt,3
317,aid1297_description.txt,1
318,aid2625_description.txt,3
319,aid59_description.txt,5
320,aid2481_description.txt,1
321,aid2691_description.txt,3
322,aid145_description.txt,5
323,aid2328_description.txt,3
324,aid1268_description.txt,3
325,aid1192_description.txt,1
326,aid2694_description.txt,1
327,aid1599_description.txt,3
328,aid999_description.txt,3
329,aid1557_description.txt,3
330,aid731_description.txt,1
331,aid2541_description.txt,3
332,aid1743_description.txt,0
333,aid1038_description.txt,3
334,aid1473_description.txt,3
335,aid1601_description.txt,3
336,aid2060_description.txt,3
337,aid1086_description.txt,3
338,aid388_description.txt,3
339,aid2360_description.txt,3
340,aid1996_description.txt,3
341,aid1276_description.txt,3
342,aid558_description.txt,3
343,aid620_description.txt,3
344,aid969_description.txt,2
345,aid384_description.txt,3
346,aid2829_description.txt,3
347,aid777_description.txt,3
348,aid2733_description.txt,3
349,aid1783_description.txt,3
350,aid581_description.txt,3
351,aid1816_description.txt,3
352,aid1688_description.txt,3
353,aid2673_description.txt,3
354,aid1617_description.txt,3
355,aid586_description.txt,3
356,aid214_description.txt,4
357,aid2324_description.txt,3
358,aid1291_description.txt,3
359,aid1857_description.txt,1
360,aid435025_description.txt,1
361,aid570_description.txt,3
362,aid83_description.txt,5
363,aid1863_description.txt,3
364,aid2052_description.txt,3
365,aid1151_description.txt,3
366,aid220_description.txt,4
367,aid1388_description.txt,3
368,aid2024_description.txt,3
369,aid2674_description.txt,3
370,aid776_description.txt,1
371,aid2276_description.txt,3
372,aid712_description.txt,3
373,aid406_description.txt,3
374,aid2281_description.txt,3
375,aid1201_description.txt,3
376,aid2084_description.txt,3
377,aid772_description.txt,3
378,aid1141_description.txt,3
379,aid1264_description.txt,3
380,aid2201_description.txt,3
381,aid487_description.txt,3
382,aid1157_description.txt,3
383,aid568_description.txt,3
384,aid701_description.txt,3
385,aid912_description.txt,3
386,aid1765_description.txt,3
387,aid630_description.txt,3
388,aid617_description.txt,3
389,aid1694_description.txt,3
390,aid2730_description.txt,3
391,aid1790_description.txt,3
392,aid1764_description.txt,0
393,aid1361_description.txt,3
394,aid117_description.txt,5
395,aid2554_description.txt,1
396,aid1183_description.txt,3
397,aid367_description.txt,3
398,aid1230_description.txt,3
399,aid11_description.txt,5
400,aid31_description.txt,5
401,aid633_description.txt,1
402,aid540_description.txt,2
403,aid1960_description.txt,3
404,aid2101_description.txt,3
405,aid1749_description.txt,3
406,aid71_description.txt,5
407,aid799_description.txt,3
408,aid1612_description.txt,3
409,aid587_description.txt,3
410,aid2213_description.txt,1
411,aid1701_description.txt,1
412,aid836_description.txt,3
413,aid520_description.txt,1
414,aid1865_description.txt,3
415,aid1079_description.txt,1
416,aid2575_description.txt,3
417,aid698_description.txt,1
418,aid1531_description.txt,3
419,aid784_description.txt,3
420,aid9_description.txt,5
421,aid1571_description.txt,1
422,aid953_description.txt,1
423,aid2550_description.txt,1
424,aid417_description.txt,3
425,aid490_description.txt,3
426,aid2026_description.txt,1
427,aid879_description.txt,3
428,aid2734_description.txt,3
429,aid1418_description.txt,3
430,aid1840_description.txt,3
431,aid456_description.txt,3
432,aid457_description.txt,3
433,aid1457_description.txt,3
434,aid2805_description.txt,3
435,aid2216_description.txt,3
436,aid1912_description.txt,3
437,aid300_description.txt,4
438,aid1739_description.txt,3
439,aid1052_description.txt,3
440,aid2671_description.txt,3
441,aid177_description.txt,4
442,aid992_description.txt,3
443,aid2073_description.txt,3
444,aid2005_description.txt,3
445,aid752_description.txt,3
446,aid2602_description.txt,1
447,aid657_description.txt,2
448,aid1891_description.txt,3
449,aid1298_description.txt,3
450,aid184_description.txt,4
451,aid518_description.txt,3
452,aid2636_description.txt,1
453,aid2382_description.txt,3
454,aid2012_description.txt,3
455,aid2685_description.txt,3
456,aid2535_description.txt,3
457,aid844_description.txt,3
458,aid2271_description.txt,3
459,aid923_description.txt,3
460,aid1449_description.txt,3
461,aid1010_description.txt,3
462,aid1113_description.txt,3
463,aid1169_description.txt,3
464,aid1335_description.txt,3
465,aid654_description.txt,2
466,aid1537_description.txt,3
467,aid553_description.txt,3
468,aid2659_description.txt,3
469,aid812_description.txt,3
470,aid1011_description.txt,3
471,aid1271_description.txt,3
472,aid151_description.txt,3
473,aid405_description.txt,3
474,aid946_description.txt,2
475,aid580_description.txt,3
476,aid1476_description.txt,3
477,aid1046_description.txt,3
478,aid1534_description.txt,3
479,aid994_description.txt,2
480,aid1160_description.txt,3
481,aid2540_description.txt,3
482,aid382_description.txt,3
483,aid1015_description.txt,3
484,aid1285_description.txt,3
485,aid1093_description.txt,3
486,aid1145_description.txt,3
487,aid1356_description.txt,3
488,aid745_description.txt,3
489,aid983_description.txt,2
490,aid713_description.txt,1
491,aid2106_description.txt,3
492,aid1401_description.txt,1
493,aid1614_description.txt,3
494,aid2022_description.txt,3
495,aid377_description.txt,3
496,aid1852_description.txt,3
497,aid454_description.txt,3
498,aid2591_description.txt,3
499,aid1464_description.txt,1
500,aid2262_description.txt,3
501,aid1603_description.txt,3
502,aid1239_description.txt,3
503,aid1545_description.txt,3
504,aid702_description.txt,3
505,aid548_description.txt,3
506,aid1240_description.txt,3
507,aid1900_description.txt,3
508,aid1085_description.txt,3
509,aid1066_description.txt,3
510,aid2724_description.txt,3
511,aid1437_description.txt,3
512,aid898_description.txt,3
513,aid648_description.txt,3
514,aid1078_description.txt,3
515,aid823_description.txt,3
516,aid803_description.txt,1
517,aid1095_description.txt,3
518,aid2415_description.txt,3
519,aid688_description.txt,3
520,aid1164_description.txt,3
521,aid1832_description.txt,3
522,aid1538_description.txt,1
523,aid206_description.txt,4
524,aid1308_description.txt,3
525,aid1670_description.txt,3
526,aid1417_description.txt,3
527,aid1426_description.txt,1
528,aid1130_description.txt,3
529,aid1228_description.txt,1
530,aid1466_description.txt,3
531,aid1942_description.txt,3
532,aid1889_description.txt,3
533,aid1161_description.txt,3
534,aid1336_description.txt,3
535,aid2621_description.txt,3
536,aid2258_description.txt,3
537,aid77_description.txt,5
538,aid394_description.txt,3
539,aid588_description.txt,3
540,aid2559_description.txt,3
541,aid1438_description.txt,3
542,aid1372_description.txt,3
543,aid1063_description.txt,3
544,aid87_description.txt,5
545,aid1633_description.txt,3
546,aid2118_description.txt,3
547,aid29_description.txt,5
548,aid774_description.txt,3
549,aid2309_description.txt,3
550,aid1720_description.txt,3
551,aid1831_description.txt,3
552,aid1669_description.txt,1
553,aid1001_description.txt,3
554,aid838_description.txt,3
555,aid1178_description.txt,3
556,aid1714_description.txt,0
557,aid1357_description.txt,3
558,aid1493_description.txt,1
559,aid930_description.txt,3
560,aid971_description.txt,2
561,aid904_description.txt,3
562,aid938_description.txt,1
563,aid1515_description.txt,3
564,aid814_description.txt,3
565,aid2653_description.txt,3
566,aid791_description.txt,3
567,aid1362_description.txt,3
568,aid2280_description.txt,3
569,aid1035_description.txt,3
570,aid2606_description.txt,3
571,aid1932_description.txt,0
572,aid2174_description.txt,3
573,aid392_description.txt,3
574,aid621_description.txt,3
575,aid2713_description.txt,3
576,aid1144_description.txt,3
577,aid692_description.txt,1
578,aid1055_description.txt,3
579,aid1540_description.txt,3
580,aid1323_description.txt,1
581,aid1619_description.txt,3
582,aid1243_description.txt,3
583,aid1662_description.txt,3
584,aid2756_description.txt,1
585,aid2361_description.txt,3
586,aid2718_description.txt,3
587,aid1689_description.txt,3
588,aid426_description.txt,2
589,aid1807_description.txt,3
590,aid1204_description.txt,3
591,aid2111_description.txt,3
592,aid875_description.txt,3
593,aid699_description.txt,1
594,aid1158_description.txt,3
595,aid424_description.txt,3
596,aid2759_description.txt,1
597,aid1134_description.txt,3
598,aid635_description.txt,3
599,aid2291_description.txt,3
600,aid2152_description.txt,3
601,aid2669_description.txt,3
602,aid611_description.txt,1
603,aid506_description.txt,3
604,aid1879_description.txt,3
605,aid1874_description.txt,3
606,aid1021_description.txt,3
607,aid737_description.txt,3
608,aid1036_description.txt,3
609,aid411_description.txt,3
610,aid733_description.txt,1
611,aid1326_description.txt,3
612,aid544_description.txt,2
613,aid852_description.txt,3
614,aid625_description.txt,0
615,aid1579_description.txt,3
616,aid1471_description.txt,3
617,aid1129_description.txt,3
618,aid2190_description.txt,0
619,aid1569_description.txt,3
620,aid2377_description.txt,3
621,aid425_description.txt,3
622,aid2358_description.txt,3
623,aid615_description.txt,3
624,aid2009_description.txt,3
625,aid1137_description.txt,3
626,aid636_description.txt,3
627,aid2038_description.txt,3
628,aid2325_description.txt,1
629,aid361_description.txt,3
630,aid1787_description.txt,3
631,aid1999_description.txt,3
632,aid264_description.txt,4
633,aid1721_description.txt,3
634,aid900_description.txt,3
635,aid1364_description.txt,3
636,aid1467_description.txt,3
637,aid1272_description.txt,1
638,aid1365_description.txt,3
639,aid252_description.txt,4
640,aid1729_description.txt,3
641,aid515_description.txt,3
642,aid2329_description.txt,3
643,aid1878_description.txt,3
644,aid585_description.txt,3
645,aid1588_description.txt,3
646,aid324_description.txt,4
647,aid670_description.txt,3
648,aid2757_description.txt,3
649,aid2116_description.txt,1
650,aid2740_description.txt,3
651,aid599_description.txt,1
652,aid1269_description.txt,3
653,aid1646_description.txt,3
654,aid659_description.txt,2
655,aid2135_description.txt,3
656,aid1584_description.txt,3
657,aid368_description.txt,3
658,aid2303_description.txt,3
659,aid1224_description.txt,1
660,aid2745_description.txt,3
661,aid254_description.txt,4
662,aid2112_description.txt,3
663,aid2043_description.txt,3
664,aid453_description.txt,3
665,aid302_description.txt,4
666,aid758_description.txt,3
667,aid212_description.txt,4
668,aid1068_description.txt,3
669,aid2299_description.txt,3
670,aid967_description.txt,2
671,aid1702_description.txt,1
672,aid1586_description.txt,3
673,aid288_description.txt,4
674,aid1512_description.txt,3
675,aid1106_description.txt,3
676,aid1969_description.txt,3
677,aid1289_description.txt,3
678,aid1706_description.txt,3
679,aid649_description.txt,3
680,aid2289_description.txt,3
681,aid1687_description.txt,3
682,aid1262_description.txt,3
683,aid491_description.txt,3
684,aid2288_description.txt,3
685,aid557_description.txt,3
686,aid2389_description.txt,3
687,aid1590_description.txt,3
688,aid1306_description.txt,3
689,aid47_description.txt,5
690,aid530_description.txt,3
691,aid853_description.txt,3
692,aid2410_description.txt,3
693,aid603_description.txt,3
694,aid1209_description.txt,3
695,aid467_description.txt,1
696,aid2698_description.txt,3
697,aid1822_description.txt,3
698,aid528_description.txt,3
699,aid779_description.txt,3
700,aid1175_description.txt,3
701,aid2090_description.txt,3
702,aid538_description.txt,3
703,aid959_description.txt,3
704,aid2485_description.txt,3
705,aid944_description.txt,1
706,aid2696_description.txt,1
707,aid2071_description.txt,3
708,aid639_description.txt,3
709,aid1605_description.txt,3
710,aid365_description.txt,3
711,aid2841_description.txt,3
712,aid1558_description.txt,3
713,aid1435_description.txt,3
714,aid1083_description.txt,3
715,aid902_description.txt,3
716,aid2003_description.txt,3
717,aid1795_description.txt,3
718,aid470_description.txt,3
719,aid1168_description.txt,3
720,aid908_description.txt,3
721,aid1487_description.txt,3
722,aid1631_description.txt,3
723,aid2721_description.txt,3
724,aid1955_description.txt,3
725,aid1546_description.txt,1
726,aid1768_description.txt,3
727,aid811_description.txt,1
728,aid1983_description.txt,3
729,aid962_description.txt,2
730,aid1775_description.txt,3
731,aid1212_description.txt,1
732,aid1094_description.txt,3
733,aid2153_description.txt,3
734,aid1510_description.txt,1
735,aid2161_description.txt,3
736,aid2143_description.txt,3
737,aid1456_description.txt,0
738,aid1421_description.txt,0
739,aid1065_description.txt,3
740,aid1196_description.txt,3
741,aid1548_description.txt,3
742,aid1501_description.txt,3
743,aid2121_description.txt,3
744,aid2462_description.txt,3
745,aid1707_description.txt,3
746,aid2219_description.txt,1
747,aid131_description.txt,5
748,aid2062_description.txt,3
749,aid2082_description.txt,3
750,aid188_description.txt,4
751,aid1027_description.txt,3
752,aid1716_description.txt,0
753,aid963_description.txt,2
754,aid507_description.txt,3
755,aid2543_description.txt,0
756,aid932_description.txt,3
757,aid320_description.txt,4
758,aid1909_description.txt,3
759,aid1858_description.txt,3
760,aid2737_description.txt,3
761,aid1681_description.txt,1
762,aid1076_description.txt,3
763,aid974_description.txt,2
764,aid2784_description.txt,1
765,aid909_description.txt,3
766,aid514_description.txt,3
767,aid2266_description.txt,3
768,aid1696_description.txt,3
769,aid1028_description.txt,3
770,aid964_description.txt,2
771,aid2096_description.txt,3
772,aid1060_description.txt,1
773,aid438_description.txt,3
774,aid1057_description.txt,3
775,aid2662_description.txt,3
776,aid2700_description.txt,3
777,aid2035_description.txt,3
778,aid767_description.txt,3
779,aid2212_description.txt,1
780,aid1503_description.txt,3
781,aid565_description.txt,3
782,aid584_description.txt,3
783,aid2137_description.txt,3
784,aid2770_description.txt,1
785,aid2008_description.txt,3
786,aid1122_description.txt,3
787,aid89_description.txt,5
788,aid1345_description.txt,3
789,aid2053_description.txt,3
790,aid2228_description.txt,3
791,aid2387_description.txt,3
792,aid2660_description.txt,3
793,aid484_description.txt,1
794,aid1935_description.txt,3
795,aid2094_description.txt,3
796,aid2061_description.txt,3
797,aid1740_description.txt,3
798,aid1103_description.txt,3
799,aid989_description.txt,2
800,aid1779_description.txt,3
801,aid1387_description.txt,3
802,aid1937_description.txt,3
803,aid623_description.txt,3
804,aid238_description.txt,4
805,aid1792_description.txt,3
806,index.html?C=M;O=A,3
807,aid2235_description.txt,3
808,aid1881_description.txt,3
809,aid1181_description.txt,3
810,aid2676_description.txt,3
811,aid673_description.txt,3
812,aid2542_description.txt,0
813,aid910_description.txt,3
814,aid1208_description.txt,3
815,aid606_description.txt,3
816,aid1331_description.txt,1
817,aid316_description.txt,4
818,aid2702_description.txt,3
819,aid2345_description.txt,3
820,aid543_description.txt,2
821,aid2168_description.txt,3
822,aid1407_description.txt,3
823,aid730_description.txt,1
824,aid2194_description.txt,0
825,aid396_description.txt,3
826,aid691_description.txt,3
827,aid1053_description.txt,3
828,aid1559_description.txt,3
829,aid2253_description.txt,3
830,aid1767_description.txt,0
831,aid1713_description.txt,0
832,aid1061_description.txt,1
833,aid683_description.txt,3
834,aid2717_description.txt,3
835,aid2139_description.txt,1
836,aid2699_description.txt,3
837,aid1133_description.txt,3
838,aid1665_description.txt,3
839,aid2381_description.txt,3
840,aid831_description.txt,3
841,aid1653_description.txt,3
842,aid1092_description.txt,3
843,aid2310_description.txt,3
844,aid1153_description.txt,3
845,aid2451_description.txt,3
846,aid1818_description.txt,3
847,aid1455_description.txt,3
848,aid1514_description.txt,3
849,aid1488_description.txt,0
850,aid1873_description.txt,3
851,aid93_description.txt,5
852,aid45_description.txt,5
853,aid2344_description.txt,1
854,aid826_description.txt,3
855,aid2236_description.txt,3
856,aid2786_description.txt,3
857,aid1773_description.txt,3
858,aid828_description.txt,1
859,aid1077_description.txt,3
860,aid2074_description.txt,3
861,aid1524_description.txt,1
862,aid813_description.txt,3
863,aid1236_description.txt,3
864,aid2528_description.txt,3
865,aid1965_description.txt,1
866,aid711_description.txt,3
867,aid1182_description.txt,3
868,aid642_description.txt,0
869,aid1658_description.txt,3
870,aid1730_description.txt,3
871,aid1254_description.txt,1
872,aid2637_description.txt,1
873,aid306_description.txt,4
874,aid2367_description.txt,3
875,aid512_description.txt,3
876,aid1621_description.txt,3
877,aid939_description.txt,1
878,aid1536_description.txt,3
879,aid2125_description.txt,3
880,aid1814_description.txt,3
881,aid1332_description.txt,3
882,aid1623_description.txt,3
883,aid401_description.txt,3
884,aid1202_description.txt,1
885,aid956_description.txt,3
886,aid2622_description.txt,3
887,aid493_description.txt,3
888,aid604_description.txt,3
889,aid2077_description.txt,3
890,aid2145_description.txt,3
891,aid2048_description.txt,3
892,aid2075_description.txt,3
893,aid1351_description.txt,3
894,aid2486_description.txt,3
895,aid895_description.txt,3
896,aid1459_description.txt,3
897,aid404_description.txt,3
898,aid1329_description.txt,3
899,aid1_description.txt,5
900,aid516_description.txt,3
901,aid792_description.txt,3
902,aid2277_description.txt,1
903,aid2523_description.txt,3
904,aid1281_description.txt,3
905,aid2593_description.txt,3
906,aid497_description.txt,3
907,aid1755_description.txt,3
908,aid2538_description.txt,3
909,aid1114_description.txt,3
910,aid2089_description.txt,3
911,aid905_description.txt,2
912,aid2825_description.txt,3
913,aid793_description.txt,1
914,aid2552_description.txt,1
915,aid1521_description.txt,3
916,aid1509_description.txt,1
917,aid732_description.txt,3
918,aid525_description.txt,1
919,aid440_description.txt,1
920,aid63_description.txt,5
921,aid817_description.txt,3
922,aid1677_description.txt,3
923,aid1463_description.txt,3
924,aid2444_description.txt,1
925,aid920_description.txt,3
926,aid997_description.txt,3
927,aid1788_description.txt,0
928,aid1553_description.txt,3
929,aid1758_description.txt,3
930,aid1067_description.txt,3
931,aid1766_description.txt,3
932,aid2386_description.txt,3
933,aid1926_description.txt,1
934,aid1632_description.txt,3
935,aid1453_description.txt,3
936,aid99_description.txt,5
937,aid922_description.txt,3
938,aid892_description.txt,3
939,aid802_description.txt,3
940,aid1582_description.txt,3
941,aid1119_description.txt,3
942,aid1186_description.txt,3
943,aid810_description.txt,3
944,aid1745_description.txt,3
945,aid1293_description.txt,3
946,aid2301_description.txt,3
947,aid2725_description.txt,3
948,aid1570_description.txt,1
949,aid800_description.txt,3
950,aid1277_description.txt,1
951,aid258_description.txt,4
952,aid312_description.txt,4
953,aid1780_description.txt,3
954,aid1398_description.txt,3
955,aid1539_description.txt,1
956,aid1165_description.txt,3
957,aid1497_description.txt,3
958,aid1040_description.txt,1
959,aid1781_description.txt,3
960,aid1111_description.txt,3
961,aid1581_description.txt,3
962,aid1148_description.txt,3
963,aid1513_description.txt,3
964,aid2192_description.txt,0
965,aid598_description.txt,3
966,aid1284_description.txt,3
967,aid127_description.txt,5
968,aid816_description.txt,3
969,aid1403_description.txt,1
970,aid35_description.txt,5
971,aid1929_description.txt,0
972,aid2302_description.txt,3
973,aid566_description.txt,3
974,aid1082_description.txt,3
975,aid2204_description.txt,0
976,aid2315_description.txt,3
977,aid2187_description.txt,1
978,aid2263_description.txt,3
979,aid1018_description.txt,3
980,aid2186_description.txt,0
981,aid2512_description.txt,1
982,aid721_description.txt,3
983,aid1986_description.txt,3
984,aid1344_description.txt,3
985,aid550_description.txt,3
986,aid1563_description.txt,1
987,aid727_description.txt,3
988,aid1360_description.txt,3
989,aid728_description.txt,3
990,aid1742_description.txt,3
991,aid529_description.txt,3
992,aid2028_description.txt,3
993,aid2119_description.txt,3
994,aid935_description.txt,3
995,aid495_description.txt,3
996,aid1478_description.txt,3
997,aid2208_description.txt,1
998,aid764_description.txt,3
999,aid173_description.txt,4
1000,aid180_description.txt,4
1001,aid918_description.txt,3
1002,aid1016_description.txt,3
1003,aid437_description.txt,3
1004,aid1562_description.txt,1
1005,aid2743_description.txt,3
1006,aid1551_description.txt,3
1007,aid2215_description.txt,3
1008,aid2620_description.txt,3
1009,aid869_description.txt,3
1010,aid2203_description.txt,3
1011,aid2138_description.txt,3
1012,aid1711_description.txt,3
1013,aid2209_description.txt,1
1014,aid542_description.txt,2
1015,aid1917_description.txt,3
1016,aid2594_description.txt,3
1017,aid133_description.txt,5
1018,aid1219_description.txt,1
1019,aid650_description.txt,3
1020,aid1561_description.txt,3
1021,aid1535_description.txt,3
1022,aid1988_description.txt,3
1023,aid2251_description.txt,1
1024,aid1190_description.txt,3
1025,aid2434_description.txt,0
1026,aid2217_description.txt,3
1027,aid887_description.txt,3
1028,aid1782_description.txt,3
1029,aid2520_description.txt,1
1030,aid1423_description.txt,3
1031,aid2777_description.txt,1
1032,aid232_description.txt,4
1033,aid663_description.txt,2
1034,aid2654_description.txt,3
1035,aid2643_description.txt,3
1036,aid1142_description.txt,3
1037,aid703_description.txt,3
1038,aid987_description.txt,2
1039,aid1391_description.txt,3
1040,aid762_description.txt,1
1041,aid1517_description.txt,3
1042,aid2447_description.txt,1
1043,aid848_description.txt,3
1044,aid2076_description.txt,3
1045,aid2097_description.txt,3
1046,aid595_description.txt,3
1047,aid1566_description.txt,3
1048,aid1054_description.txt,3
1049,aid2353_description.txt,3
1050,aid1791_description.txt,1
1051,aid1923_description.txt,0
1052,aid2459_description.txt,3
1053,aid1625_description.txt,3
1054,aid872_description.txt,1
1055,aid572_description.txt,3
1056,aid439_description.txt,1
1057,aid2136_description.txt,1
1058,aid1386_description.txt,3
1059,aid1013_description.txt,3
1060,aid2064_description.txt,3
1061,aid2150_description.txt,3
1062,aid1131_description.txt,3
1063,aid2729_description.txt,3
1064,aid1629_description.txt,3
1065,aid2248_description.txt,3
1066,index.html?C=S;O=D,3
1067,aid1516_description.txt,1
1068,aid2546_description.txt,3
1069,aid1174_description.txt,3
1070,index.html?C=S;O=A,3
1071,aid2272_description.txt,3
1072,aid2308_description.txt,3
1073,aid1170_description.txt,3
1074,aid1108_description.txt,3
1075,aid1556_description.txt,1
1076,aid1343_description.txt,3
1077,aid429_description.txt,3
1078,aid1430_description.txt,3
1079,aid69_description.txt,5
1080,aid119_description.txt,5
1081,aid1921_description.txt,0
1082,aid165_description.txt,4
1083,aid1737_description.txt,0
1084,aid1070_description.txt,3
1085,aid1051_description.txt,1
1086,aid2423_description.txt,3
1087,aid1877_description.txt,3
1088,aid1480_description.txt,3
1089,aid888_description.txt,3
1090,aid1697_description.txt,1
1091,aid1235_description.txt,3
1092,aid517_description.txt,3
1093,aid2650_description.txt,3
1094,aid1451_description.txt,3
1095,aid526_description.txt,3
1096,aid421_description.txt,2
1097,aid1340_description.txt,3
1098,aid1869_description.txt,3
1099,aid403_description.txt,3
1100,aid825_description.txt,3
1101,aid519_description.txt,1
1102,aid706_description.txt,3
1103,aid1287_description.txt,3
1104,aid2726_description.txt,3
1105,aid2246_description.txt,1
1106,aid462_description.txt,3
1107,aid809_description.txt,3
1108,aid830_description.txt,3
1109,aid1120_description.txt,3
1110,aid2558_description.txt,3
1111,aid2604_description.txt,3
1112,aid1738_description.txt,0
1113,aid1121_description.txt,3
1114,aid1383_description.txt,3
1115,aid2534_description.txt,3
1116,aid1258_description.txt,3
1117,aid1378_description.txt,3
1118,aid2672_description.txt,3
1119,aid1549_description.txt,3
1120,aid700_description.txt,3
1121,aid1337_description.txt,3
1122,aid433_description.txt,2
1123,aid1769_description.txt,3
1124,aid1651_description.txt,1
1125,aid1813_description.txt,3
1126,aid1888_description.txt,3
1127,aid2797_description.txt,1
1128,aid1596_description.txt,3
1129,aid1257_description.txt,1
1130,aid2666_description.txt,3
1131,aid1533_description.txt,3
1132,aid1402_description.txt,1
1133,aid837_description.txt,3
1134,aid1346_description.txt,3
1135,aid1034_description.txt,3
1136,aid2171_description.txt,3
1137,aid2557_description.txt,3
1138,aid1907_description.txt,3
1139,aid1915_description.txt,3
1140,aid498_description.txt,3
1141,aid1810_description.txt,1
1142,aid631_description.txt,1
1143,aid1618_description.txt,3
1144,aid2078_description.txt,3
1145,aid676_description.txt,3
1146,aid1939_description.txt,0
1147,aid1088_description.txt,3
1148,aid129_description.txt,5
1149,aid97_description.txt,5
1150,aid1567_description.txt,1
1151,aid1217_description.txt,3
1152,aid363_description.txt,3
1153,aid1899_description.txt,3
1154,aid431_description.txt,3
1155,aid2441_description.txt,3
1156,aid2431_description.txt,3
1157,aid646_description.txt,0
1158,aid1659_description.txt,3
1159,aid1751_description.txt,3
1160,aid1984_description.txt,3
1161,aid1635_description.txt,3
1162,aid432_description.txt,3
1163,aid1975_description.txt,3
1164,aid1908_description.txt,3
1165,aid1930_description.txt,0
1166,aid1037_description.txt,3
1167,aid1639_description.txt,3
1168,aid2103_description.txt,3
1169,aid1395_description.txt,3
1170,aid1673_description.txt,3
1171,aid2390_description.txt,3
1172,aid1655_description.txt,3
1173,aid1237_description.txt,1
1174,aid1856_description.txt,1
1175,aid1017_description.txt,3
1176,aid1580_description.txt,3
1177,aid2188_description.txt,0
1178,aid2806_description.txt,3
1179,aid1006_description.txt,3
1180,aid720_description.txt,1
1181,aid1698_description.txt,1
1182,aid2580_description.txt,1
1183,aid1520_description.txt,3
1184,aid1412_description.txt,3
1185,aid357_description.txt,3
1186,aid734_description.txt,3
1187,aid1280_description.txt,3
1188,aid2099_description.txt,3
1189,aid298_description.txt,4
1190,aid865_description.txt,1
1191,aid933_description.txt,1
1192,aid2270_description.txt,3
1193,aid2560_description.txt,3
1194,aid49_description.txt,5
1195,aid1304_description.txt,1
1196,aid1650_description.txt,3
1197,aid1578_description.txt,3
1198,aid1886_description.txt,3
1199,aid523_description.txt,3
1200,aid1699_description.txt,3
1201,aid2013_description.txt,1
1202,aid808_description.txt,3
1203,aid1299_description.txt,3
1204,aid513_description.txt,3
1205,aid1815_description.txt,3
1206,aid2716_description.txt,3
1207,aid1410_description.txt,3
1208,aid1349_description.txt,3
1209,aid2320_description.txt,3
1210,aid546_description.txt,2
1211,aid2766_description.txt,1
1212,aid2091_description.txt,3
1213,aid924_description.txt,3
1214,aid192_description.txt,4
1215,aid2323_description.txt,3
1216,aid2079_description.txt,1
1217,aid2782_description.txt,3
1218,aid1358_description.txt,3
1219,aid1938_description.txt,0
1220,aid1132_description.txt,3
1221,aid1841_description.txt,3
1222,aid742_description.txt,3
1223,aid202_description.txt,4
1224,aid153_description.txt,4
1225,aid541_description.txt,2
1226,aid2172_description.txt,3
1227,aid1064_description.txt,3
1228,aid1575_description.txt,3
1229,aid1443_description.txt,3
1230,aid2827_description.txt,3
1231,aid1693_description.txt,3
1232,aid2269_description.txt,3
1233,aid2049_description.txt,3
1234,aid1583_description.txt,3
1235,aid982_description.txt,2
1236,aid2688_description.txt,3
1237,aid1744_description.txt,0
1238,aid2638_description.txt,3
1239,aid1348_description.txt,3
1240,aid2661_description.txt,3
1241,aid1574_description.txt,3
1242,aid921_description.txt,2
1243,aid2408_description.txt,3
1244,aid1997_description.txt,3
1245,aid326_description.txt,4
1246,aid2807_description.txt,0
1247,aid1363_description.txt,1
1248,aid757_description.txt,3
1249,aid667_description.txt,2
1250,aid1995_description.txt,3
1251,aid1394_description.txt,3
1252,aid1123_description.txt,3
1253,aid1820_description.txt,1
1254,aid1234_description.txt,3
1255,aid2455_description.txt,1
1256,aid1338_description.txt,3
1257,aid1756_description.txt,3
1258,aid2544_description.txt,3
1259,aid1244_description.txt,3
1260,aid1450_description.txt,3
1261,aid940_description.txt,0
1262,aid1836_description.txt,3
1263,aid1215_description.txt,3
1264,aid1290_description.txt,3
1265,aid1305_description.txt,3
1266,aid1003_description.txt,3
1267,aid286_description.txt,4
1268,aid1943_description.txt,3
1269,aid386_description.txt,3
1270,aid2403_description.txt,3
1271,aid1705_description.txt,3
1272,aid1992_description.txt,3
1273,aid2198_description.txt,0
1274,aid1598_description.txt,3
1275,aid262_description.txt,4
1276,aid2185_description.txt,0
1277,aid2133_description.txt,1
1278,aid282_description.txt,4
1279,aid2629_description.txt,3
1280,aid1956_description.txt,3
1281,aid1436_description.txt,3
1282,aid1573_description.txt,1
1283,aid503_description.txt,3
1284,aid1334_description.txt,3
1285,aid2772_description.txt,3
1286,aid1918_description.txt,3
1287,aid775_description.txt,3
1288,aid829_description.txt,3
1289,aid113_description.txt,5
1290,aid1048_description.txt,1
1291,aid2045_description.txt,3
1292,aid715_description.txt,3
1293,aid686_description.txt,3
1294,aid2391_description.txt,3
1295,aid338_description.txt,4
1296,aid2796_description.txt,1
1297,aid2787_description.txt,3
1298,aid1829_description.txt,3
1299,aid1754_description.txt,3
1300,aid2317_description.txt,1
1301,aid1322_description.txt,3
1302,aid2576_description.txt,3
1303,aid1727_description.txt,3
1304,aid955_description.txt,2
1305,aid469_description.txt,3
1306,aid1963_description.txt,3
1307,aid2206_description.txt,0
1308,aid750_description.txt,3
1309,aid1470_description.txt,0
1310,aid2279_description.txt,3
1311,aid1274_description.txt,3
1312,aid1928_description.txt,0
1313,aid717_description.txt,3
1314,aid137_description.txt,5
1315,aid1104_description.txt,3
1316,aid685_description.txt,3
1317,aid1990_description.txt,3
1318,aid1519_description.txt,3
1319,aid1607_description.txt,3
1320,aid1246_description.txt,3
1321,aid1375_description.txt,3
1322,aid561_description.txt,1
1323,aid1591_description.txt,3
1324,aid508_description.txt,3
1325,aid2778_description.txt,3
1326,aid2603_description.txt,3
1327,aid2742_description.txt,3
1328,aid929_description.txt,3
1329,aid716_description.txt,3
1330,aid1025_description.txt,3
1331,aid422_description.txt,3
1332,aid1341_description.txt,3
1333,aid43_description.txt,5
1334,aid1098_description.txt,3
1335,aid2179_description.txt,0
1336,aid1069_description.txt,3
1337,aid81_description.txt,5
1338,aid693_description.txt,3
1339,aid1353_description.txt,3
1340,aid1809_description.txt,1
1341,aid1947_description.txt,3
1342,aid2148_description.txt,1
1343,aid1966_description.txt,3
1344,aid614_description.txt,3
1345,aid1211_description.txt,1
1346,aid2147_description.txt,3
1347,aid644_description.txt,3
1348,aid1993_description.txt,3
1349,aid351_description.txt,3
1350,aid2548_description.txt,3
1351,aid1089_description.txt,3
1352,aid2651_description.txt,0
1353,aid860_description.txt,0
1354,aid65_description.txt,5
1355,aid1139_description.txt,3
1356,aid1875_description.txt,3
1357,aid873_description.txt,3
1358,aid1266_description.txt,3
1359,aid1624_description.txt,3
1360,aid1610_description.txt,3
1361,aid991_description.txt,3
1362,aid1374_description.txt,3
1363,aid874_description.txt,1
1364,aid2093_description.txt,3
1365,aid2036_description.txt,3
1366,aid2307_description.txt,3
1367,aid1680_description.txt,3
1368,aid2508_description.txt,3
1369,aid1495_description.txt,3
1370,aid1238_description.txt,1
1371,aid1039_description.txt,3
1372,aid725_description.txt,1
1373,aid103_description.txt,5
1374,aid2572_description.txt,3
1375,aid1971_description.txt,3
1376,aid2605_description.txt,3
1377,aid1485_description.txt,1
1378,aid1847_description.txt,3
1379,aid524_description.txt,3
1380,aid1059_description.txt,3
1381,aid57_description.txt,5
1382,aid2042_description.txt,3
1383,aid2785_description.txt,3
1384,aid304_description.txt,4
1385,aid883_description.txt,3
1386,aid1905_description.txt,3
1387,aid1041_description.txt,3
1388,aid1589_description.txt,3
1389,aid444_description.txt,3
1390,aid1475_description.txt,3
1391,aid2278_description.txt,3
1392,aid821_description.txt,3
1393,aid387_description.txt,3
1394,aid2158_description.txt,3
1395,aid662_description.txt,3
1396,aid707_description.txt,3
1397,aid2404_description.txt,3
1398,aid2025_description.txt,3
1399,aid2448_description.txt,1
1400,aid2562_description.txt,3
1401,aid2304_description.txt,3
1402,aid608_description.txt,3
1403,aid461_description.txt,3
1404,aid2087_description.txt,3
1405,aid1012_description.txt,3
1406,aid2715_description.txt,1
1407,aid2051_description.txt,3
1408,aid1342_description.txt,3
1409,aid2582_description.txt,3
1410,aid2151_description.txt,3
1411,aid1414_description.txt,3
1412,aid1864_description.txt,3
1413,aid509_description.txt,3
1414,aid5_description.txt,5
1415,aid2776_description.txt,1
1416,aid2537_description.txt,3
1417,aid1994_description.txt,3
1418,aid21_description.txt,5
1419,aid1824_description.txt,3
1420,aid73_description.txt,5
1421,aid1838_description.txt,3
1422,aid2585_description.txt,3
1423,aid1152_description.txt,3
1424,aid2155_description.txt,3
1425,aid1179_description.txt,3
1426,aid958_description.txt,3
1427,aid1232_description.txt,1
1428,aid1397_description.txt,3
1429,aid709_description.txt,3
1430,aid1642_description.txt,3
1431,aid2011_description.txt,3
1432,aid1205_description.txt,3
1433,aid2034_description.txt,3
1434,aid2292_description.txt,3
1435,aid2754_description.txt,1
1436,aid1552_description.txt,3
1437,aid1247_description.txt,3
1438,aid2312_description.txt,3
1439,aid2618_description.txt,3
1440,aid375_description.txt,3
1441,aid2108_description.txt,3
1442,aid2242_description.txt,3
1443,aid1616_description.txt,3
1444,aid2039_description.txt,3
1445,aid2058_description.txt,1
1446,aid981_description.txt,2
1447,aid1796_description.txt,3
1448,aid1778_description.txt,1
1449,aid1522_description.txt,3
1450,aid1675_description.txt,1
1451,aid1686_description.txt,1
1452,aid107_description.txt,5
1453,aid1494_description.txt,3
1454,aid1424_description.txt,1
1455,aid2427_description.txt,3
1456,aid2619_description.txt,3
1457,aid2675_description.txt,3
1458,aid1408_description.txt,3
1459,aid1833_description.txt,3
1460,aid2406_description.txt,3
1461,aid2379_description.txt,1
1462,aid2401_description.txt,3
1463,aid1964_description.txt,3
1464,aid1286_description.txt,3
1465,aid1180_description.txt,3
1466,aid1482_description.txt,3
1467,aid1371_description.txt,3
1468,aid2823_description.txt,3
1469,aid2413_description.txt,3
1470,aid571_description.txt,1
1471,aid862_description.txt,3
1472,aid954_description.txt,3
1473,aid1292_description.txt,3
1474,aid502_description.txt,3
1475,aid845_description.txt,3
1476,aid1481_description.txt,3
1477,aid2130_description.txt,3
1478,aid402_description.txt,3
1479,aid1377_description.txt,3
1480,aid697_description.txt,3
1481,aid2456_description.txt,3
1482,aid478_description.txt,3
1483,aid1958_description.txt,3
1484,aid2795_description.txt,3
1485,aid807_description.txt,3
1486,aid1177_description.txt,3
1487,aid1448_description.txt,1
1488,aid1732_description.txt,3
1489,aid1317_description.txt,3
1490,aid2755_description.txt,1
1491,aid1666_description.txt,3
1492,aid51_description.txt,5
1493,aid2626_description.txt,0
1494,aid2813_description.txt,3
1495,aid645_description.txt,3
1496,aid2252_description.txt,3
1497,aid228_description.txt,4
1498,aid596_description.txt,3
1499,aid1411_description.txt,3
1500,aid1652_description.txt,3
1501,aid2845_description.txt,1
1502,aid1100_description.txt,3
1503,aid143_description.txt,5
1504,aid1309_description.txt,3
1505,aid1950_description.txt,3
1506,aid364_description.txt,3
1507,aid661_description.txt,2
1508,aid1251_description.txt,3
1509,aid950_description.txt,3
1510,aid1883_description.txt,3
1511,aid1032_description.txt,1
1512,aid200_description.txt,4
1513,aid975_description.txt,2
1514,aid2392_description.txt,3
1515,aid2256_description.txt,1
1516,aid551_description.txt,3
1517,aid1913_description.txt,3
1518,aid1821_description.txt,1
1519,index.html?C=M;O=D,3
1520,aid2237_description.txt,1
1521,aid2181_description.txt,0
1522,aid1359_description.txt,1
1523,aid2124_description.txt,3
1524,aid2191_description.txt,0
1525,aid1902_description.txt,3
1526,aid2070_description.txt,3
1527,aid1162_description.txt,3
1528,aid1626_description.txt,3
1529,aid1736_description.txt,0
1530,aid2445_description.txt,1
1531,aid1233_description.txt,3
1532,aid2207_description.txt,1
1533,aid579_description.txt,3
1534,aid2551_description.txt,3
1535,aid780_description.txt,3
1536,aid1868_description.txt,3
1537,aid552_description.txt,3
1538,aid2247_description.txt,1
1539,aid2501_description.txt,3
1540,aid1044_description.txt,1
1541,aid332_description.txt,4
1542,aid2680_description.txt,3
1543,aid448_description.txt,3
1544,aid2102_description.txt,3
1545,aid1746_description.txt,3
1546,aid1968_description.txt,3
1547,aid694_description.txt,1
1548,aid1948_description.txt,3
1549,aid1311_description.txt,3
1550,aid643_description.txt,0
1551,aid1447_description.txt,3
1552,aid2305_description.txt,3
1553,aid1405_description.txt,3
1554,aid2109_description.txt,3
1555,aid1101_description.txt,3
1556,aid397_description.txt,3
1557,aid1125_description.txt,3
1558,aid1188_description.txt,3
1559,aid965_description.txt,2
1560,aid1050_description.txt,1
1561,aid660_description.txt,2
1562,aid867_description.txt,1
1563,aid652_description.txt,3
1564,aid2701_description.txt,3
1565,aid2221_description.txt,3
1566,aid605_description.txt,3
1567,aid1848_description.txt,3
1568,aid1109_description.txt,3
1569,aid609_description.txt,3
1570,aid2259_description.txt,1
1571,aid468_description.txt,1
1572,index.html?C=N;O=D,3
1573,aid1678_description.txt,3
1574,aid1797_description.txt,3
1575,aid521_description.txt,3
1576,aid2032_description.txt,3
1577,aid2055_description.txt,3
1578,aid1250_description.txt,3
1579,aid399_description.txt,3
1580,aid789_description.txt,3
1581,aid1690_description.txt,3
1582,aid449_description.txt,1
1583,aid911_description.txt,3
1584,aid1763_description.txt,3
1585,aid1555_description.txt,3
1586,aid1638_description.txt,3
1587,aid1255_description.txt,1
1588,aid2600_description.txt,3
1589,aid1116_description.txt,3
1590,aid2065_description.txt,3
1591,aid2331_description.txt,3
1592,aid771_description.txt,3
1593,aid1325_description.txt,3
1594,aid968_description.txt,2
1595,aid2167_description.txt,3
1596,aid370_description.txt,3
1597,aid1944_description.txt,3
1598,aid2826_description.txt,3
1599,aid1099_description.txt,3
1600,aid414_description.txt,3
1601,aid2681_description.txt,3
1602,aid1761_description.txt,3
1603,aid2098_description.txt,3
1604,aid441_description.txt,1
1605,aid1925_description.txt,1
1606,aid2142_description.txt,1
1607,aid314_description.txt,4
1608,aid759_description.txt,3
1609,aid906_description.txt,2
1610,aid1267_description.txt,3
1611,aid988_description.txt,2
1612,aid501_description.txt,3
1613,aid2433_description.txt,0
1614,aid244_description.txt,4
1615,aid907_description.txt,3
1616,aid1172_description.txt,3
1617,aid1974_description.txt,3
1618,aid527_description.txt,3
1619,aid1265_description.txt,3
1620,aid1799_description.txt,0
1621,aid1199_description.txt,3
1622,aid1911_description.txt,3
1623,aid423_description.txt,3
1624,aid1327_description.txt,3
1625,aid1985_description.txt,3
1626,aid2059_description.txt,3
1627,aid1770_description.txt,3
1628,aid473_description.txt,3
1629,aid1135_description.txt,3
1630,aid2549_description.txt,3
1631,aid689_description.txt,3
1632,aid805_description.txt,1
1633,aid2832_description.txt,3
1634,aid2327_description.txt,3
1635,aid1176_description.txt,3
1636,aid2041_description.txt,3
1637,aid2000_description.txt,3
1638,aid2105_description.txt,3
1639,aid899_description.txt,3
1640,aid949_description.txt,3
1641,aid2817_description.txt,3
1642,aid1703_description.txt,1
1643,aid61_description.txt,5
1644,aid1825_description.txt,3
1645,aid1712_description.txt,3
1646,aid1523_description.txt,1
1647,aid1429_description.txt,1
1648,aid1887_description.txt,3
1649,aid1047_description.txt,3
1650,aid1895_description.txt,3
1651,aid2080_description.txt,3
1652,aid1970_description.txt,3
1653,aid1641_description.txt,3
1654,aid2574_description.txt,3
1655,aid736_description.txt,1
1656,aid1313_description.txt,3
1657,aid1203_description.txt,3
1658,aid458_description.txt,3
1659,aid1951_description.txt,1
1660,aid459_description.txt,3
1661,aid17_description.txt,5
1662,aid2677_description.txt,3
1663,aid1310_description.txt,3
1664,aid482_description.txt,3
1665,aid489_description.txt,3
1666,aid464_description.txt,3
1667,aid2719_description.txt,1
1668,aid979_description.txt,2
1669,aid726_description.txt,1
1670,aid1156_description.txt,3
1671,aid2144_description.txt,3
1672,aid2238_description.txt,3
1673,aid641_description.txt,0
1674,aid1954_description.txt,1
1675,aid1734_description.txt,0
1676,aid880_description.txt,3
1677,aid318_description.txt,4
1678,aid679_description.txt,3
1679,aid250_description.txt,4
1680,aid1400_description.txt,3
1681,aid1547_description.txt,3
1682,aid204_description.txt,4
1683,aid794_description.txt,3
1684,aid1576_description.txt,3
1685,aid2166_description.txt,3
1686,aid1218_description.txt,1
1687,aid1019_description.txt,3
1688,aid903_description.txt,3
1689,aid2244_description.txt,3
1690,aid1931_description.txt,3
1691,aid1033_description.txt,3
1692,aid769_description.txt,3
1693,aid1979_description.txt,3
1694,aid2821_description.txt,3
1695,aid832_description.txt,3
1696,aid1107_description.txt,3
1697,aid1091_description.txt,3
1698,aid843_description.txt,1
1699,aid2165_description.txt,3
1700,aid619_description.txt,3
1701,aid729_description.txt,1
1702,aid1550_description.txt,3
1703,aid1643_description.txt,3
1704,aid1483_description.txt,3
1705,aid1319_description.txt,1
1706,index.html?C=N;O=A,3
1707,aid1906_description.txt,3
1708,aid677_description.txt,0
1709,aid926_description.txt,1
1710,aid1728_description.txt,3
1711,aid455_description.txt,3
1712,aid1723_description.txt,0
1713,aid1115_description.txt,3
1714,aid960_description.txt,2
1715,aid961_description.txt,2
1716,aid1667_description.txt,3
1717,aid1543_description.txt,3
1718,aid141_description.txt,5
1719,aid2569_description.txt,1
1720,aid1808_description.txt,1
1721,aid788_description.txt,3
1722,aid2134_description.txt,3
1723,aid675_description.txt,1
1724,aid2731_description.txt,3
1725,aid593_description.txt,3
1726,aid2156_description.txt,3
1727,aid1843_description.txt,3
1728,aid1959_description.txt,3
1729,aid1998_description.txt,3
1730,aid1081_description.txt,3
1731,aid25_description.txt,5
1732,aid1460_description.txt,3
1733,aid2764_description.txt,1
1734,aid2160_description.txt,3
1735,aid1640_description.txt,3
1736,aid1381_description.txt,3
1737,aid668_description.txt,3
1738,aid1445_description.txt,3
1739,aid372_description.txt,3
1740,aid369_description.txt,3
1741,aid785_description.txt,3
1742,aid827_description.txt,3
1743,aid2173_description.txt,3
1744,aid2571_description.txt,3
1745,aid2516_description.txt,3
1746,aid1823_description.txt,3
1747,aid545_description.txt,2
1748,aid1613_description.txt,3
1749,aid1384_description.txt,3
1750,aid2722_description.txt,3
1751,aid1560_description.txt,3
1752,aid1685_description.txt,3
1753,aid1278_description.txt,1
1754,aid2234_description.txt,3
1755,aid2243_description.txt,3
1756,aid500_description.txt,3
1757,aid1733_description.txt,3
1758,aid348_description.txt,3
1759,aid1946_description.txt,3
1760,aid1890_description.txt,3
1761,aid1672_description.txt,3
1762,aid1102_description.txt,3
1763,aid2765_description.txt,3
1764,aid2126_description.txt,3
1765,aid2057_description.txt,3
1766,aid1850_description.txt,3
1767,aid638_description.txt,3
1768,aid1962_description.txt,3
1769,aid1043_description.txt,3
1770,aid2282_description.txt,3
1771,aid1229_description.txt,3
1772,aid747_description.txt,3
1773,aid260_description.txt,4
1774,aid1529_description.txt,3
1775,aid569_description.txt,3
1776,aid2425_description.txt,0
1777,aid400_description.txt,3
1778,aid1933_description.txt,3
1779,aid1140_description.txt,3
1780,aid1472_description.txt,3
1781,aid95_description.txt,5
1782,aid2583_description.txt,1
1783,aid1223_description.txt,1
1784,aid1020_description.txt,3
1785,aid2100_description.txt,3
1786,aid687_description.txt,3
1787,aid2774_description.txt,3
1788,aid2200_description.txt,3
1789,aid1718_description.txt,0
1790,aid1354_description.txt,3
1791,aid891_description.txt,3
1792,aid216_description.txt,4
1793,aid1444_description.txt,3
1794,aid346_description.txt,3
1795,aid2601_description.txt,1
1796,aid2727_description.txt,3
1797,aid592_description.txt,3
1798,aid476_description.txt,3
1799,aid842_description.txt,3
1800,aid442_description.txt,3
1801,aid722_description.txt,1
1802,aid714_description.txt,3
1803,aid1171_description.txt,3
1804,aid1747_description.txt,3
1805,aid658_description.txt,2
1806,aid379_description.txt,3
1807,aid2232_description.txt,3
1808,aid2046_description.txt,3
1809,aid1882_description.txt,3
1810,aid371_description.txt,3
1811,aid590_description.txt,3
1812,aid2220_description.txt,1
1813,aid723_description.txt,1
1814,aid443_description.txt,3
1815,aid556_description.txt,3
1816,aid1528_description.txt,3
1817,aid847_description.txt,3
1818,aid754_description.txt,3
1819,aid671_description.txt,3
1820,aid1428_description.txt,1
1821,aid978_description.txt,2
1822,aid1118_description.txt,3
1823,aid995_description.txt,3
1824,aid190_description.txt,4
1825,aid1991_description.txt,3
1826,aid2040_description.txt,3
1827,aid690_description.txt,3
1828,aid15_description.txt,5
1829,aid695_description.txt,1
1830,aid801_description.txt,3
1831,aid2295_description.txt,3
1832,aid1468_description.txt,3
1833,aid1967_description.txt,3
1834,aid1136_description.txt,3
1835,aid2300_description.txt,1
1836,aid1014_description.txt,3
1837,aid2705_description.txt,3
1838,aid420_description.txt,3
1839,aid2394_description.txt,3
1840,aid1184_description.txt,3
1841,aid2050_description.txt,3
1842,aid2189_description.txt,1
1843,aid2063_description.txt,3
1844,aid986_description.txt,2
1845,aid2202_description.txt,3
1846,aid1679_description.txt,1
1847,aid765_description.txt,1
1848,aid1845_description.txt,3
1849,aid2428_description.txt,0
1850,aid1242_description.txt,3
1851,aid1600_description.txt,3
1852,aid840_description.txt,3
1853,aid2482_description.txt,1
1854,aid7_description.txt,5
1855,aid2254_description.txt,3
1856,aid246_description.txt,4
1857,aid1138_description.txt,3
1858,aid1288_description.txt,3
1859,aid196_description.txt,4
1860,aid1117_description.txt,3
1861,aid2720_description.txt,3
1862,aid1805_description.txt,3
1863,aid602_description.txt,3
1864,aid2521_description.txt,1
1865,aid1366_description.txt,3
1866,aid2016_description.txt,3
1867,aid674_description.txt,3
1868,aid330_description.txt,4
1869,aid1860_description.txt,1
1870,aid2533_description.txt,3
1871,aid578_description.txt,3
1872,aid744_description.txt,3
1873,aid881_description.txt,3
1874,aid2113_description.txt,3
1875,aid446_description.txt,3
1876,aid505_description.txt,3
1877,aid2122_description.txt,3
1878,aid1762_description.txt,3
1879,aid682_description.txt,3
1880,aid1846_description.txt,3
1881,aid2438_description.txt,0
1882,aid494_description.txt,3
1883,aid1827_description.txt,3
1884,aid1461_description.txt,1
1885,aid1910_description.txt,3
1886,aid1695_description.txt,3
1887,aid1854_description.txt,1
1888,aid380_description.txt,3
1889,aid1296_description.txt,3
1890,aid1439_description.txt,3
1891,aid1692_description.txt,1
1892,aid1502_description.txt,3
1893,aid1725_description.txt,3
1894,aid2033_description.txt,3
1895,aid1752_description.txt,3
1896,aid2803_description.txt,3
1897,aid2197_description.txt,0
1898,aid290_description.txt,4
1899,aid1024_description.txt,3
1900,aid1684_description.txt,1
1901,aid218_description.txt,4
1902,aid1793_description.txt,0
1903,aid2177_description.txt,3
1904,aid1893_description.txt,3
1905,aid2563_description.txt,3
1906,aid1760_description.txt,3
1907,aid1404_description.txt,3
1908,aid632_description.txt,3
1909,aid67_description.txt,5
1910,aid2517_description.txt,3
1911,aid2536_description.txt,3
1912,aid2027_description.txt,3
1913,aid824_description.txt,3
1914,aid1026_description.txt,3
1915,aid889_description.txt,3
1916,aid1073_description.txt,3
1917,aid1124_description.txt,3
1918,aid2104_description.txt,1
1919,aid1409_description.txt,3
1920,aid1901_description.txt,1
1921,aid798_description.txt,3
1922,aid1312_description.txt,3
1923,aid2714_description.txt,3
1924,aid555_description.txt,3
1925,aid1636_description.txt,3
1926,aid1415_description.txt,3
1927,aid815_description.txt,3
1928,aid427_description.txt,2
1929,aid2083_description.txt,3
1930,aid1004_description.txt,3
1931,aid248_description.txt,4
1932,aid708_description.txt,3
1933,aid1150_description.txt,3
1934,aid1261_description.txt,3
1935,aid1479_description.txt,1
1936,aid795_description.txt,3
1937,aid419_description.txt,3
1938,aid1949_description.txt,3
1939,aid2706_description.txt,3
1940,aid1173_description.txt,3
1941,aid1318_description.txt,3
1942,aid390_description.txt,3
1943,aid1045_description.txt,3
1944,aid328_description.txt,4
1945,aid1127_description.txt,3
1946,aid2230_description.txt,3
1947,aid835_description.txt,1
1948,aid2364_description.txt,3
1949,aid13_description.txt,5
1950,aid990_description.txt,3
1951,aid2771_description.txt,3
1952,aid751_description.txt,3
1953,aid2336_description.txt,3
1954,aid2751_description.txt,3
1955,aid499_description.txt,3
1956,aid1379_description.txt,3
1957,aid395_description.txt,3
1958,aid510_description.txt,3
1959,aid1934_description.txt,3
1960,aid1263_description.txt,3
1961,aid2443_description.txt,3
1962,aid841_description.txt,3
1963,aid2461_description.txt,1
1964,aid2021_description.txt,3
1965,aid1198_description.txt,3
1966,aid434_description.txt,2
1967,aid741_description.txt,3
1968,aid2356_description.txt,1
1969,aid719_description.txt,3
1970,aid562_description.txt,3
1971,aid822_description.txt,3
1972,aid740_description.txt,3
1973,aid2195_description.txt,3
1974,aid488_description.txt,3
1975,aid1350_description.txt,3
1976,aid2343_description.txt,1
1977,aid1676_description.txt,1
1978,aid1656_description.txt,3
1979,aid1087_description.txt,3
1980,aid833_description.txt,1
1981,aid1645_description.txt,3
1982,aid1389_description.txt,3
1983,aid763_description.txt,1
1984,aid1469_description.txt,1
1985,aid452_description.txt,3
1986,aid970_description.txt,2
1987,aid684_description.txt,3
1988,aid1368_description.txt,3
1989,aid1300_description.txt,1
1990,aid2703_description.txt,3
1991,aid790_description.txt,3
1992,aid2553_description.txt,1
1993,aid1855_description.txt,3
1994,aid2170_description.txt,3
1995,aid1382_description.txt,3
1996,aid472_description.txt,3
1997,aid1657_description.txt,1
1998,aid567_description.txt,1
1999,aid385_description.txt,3
2000,aid1759_description.txt,3
2001,aid1922_description.txt,3
2002,aid3_description.txt,5
2003,aid1419_description.txt,3
2004,aid1876_description.txt,3
2005,aid1620_description.txt,3
2006,aid1321_description.txt,3
2007,aid597_description.txt,3
2008,aid980_description.txt,2
2009,aid1682_description.txt,1
2010,aid1431_description.txt,3
2011,aid2416_description.txt,0
2012,aid2647_description.txt,3
2013,aid430_description.txt,3
2014,aid782_description.txt,3
2015,aid936_description.txt,3
2016,aid1826_description.txt,3
2017,aid475_description.txt,3
2018,aid19_description.txt,5
2019,aid1627_description.txt,3
2020,aid854_description.txt,1
2021,aid1719_description.txt,3
2022,aid1220_description.txt,3
2023,aid1862_description.txt,3
2024,aid1867_description.txt,3
2025,aid896_description.txt,3
2026,aid149_description.txt,4
2027,aid1330_description.txt,3
2028,aid1634_description.txt,3
2029,aid1897_description.txt,3
2030,aid952_description.txt,3
2031,aid583_description.txt,3
2032,aid2663_description.txt,3
2033,aid1785_description.txt,1
2034,aid1259_description.txt,3
2035,aid1295_description.txt,3
2036,aid696_description.txt,3
2037,aid171_description.txt,4
2038,aid1126_description.txt,3
2039,aid1458_description.txt,3
2040,aid1804_description.txt,3
2041,aid1987_description.txt,3
2042,aid278_description.txt,4
2043,aid1452_description.txt,3
2044,aid2380_description.txt,3
2045,aid169_description.txt,4
2046,aid1880_description.txt,1
2047,aid574_description.txt,1
2048,aid393_description.txt,3
2049,aid2233_description.txt,3
2050,aid2267_description.txt,3
2051,aid1193_description.txt,3
2052,aid53_description.txt,5
2053,aid1772_description.txt,3
2054,aid389_description.txt,3
2055,aid486_description.txt,3
2056,aid866_description.txt,1
2057,aid1009_description.txt,3
2058,aid434966_description.txt,3
2059,aid1884_description.txt,3
2060,aid147_description.txt,4
2061,aid564_description.txt,3
2062,aid2127_description.txt,3
2063,aid739_description.txt,3
2064,aid479_description.txt,3
2065,aid2641_description.txt,3
2066,aid2763_description.txt,3
2067,aid2668_description.txt,3
2068,aid1715_description.txt,0
2069,aid2697_description.txt,3
2070,aid1454_description.txt,3
2071,aid85_description.txt,5
2072,aid1572_description.txt,1
2073,aid2227_description.txt,1
2074,aid2779_description.txt,1
2075,aid1861_description.txt,1
2076,aid1753_description.txt,0
2077,aid1511_description.txt,3
2078,aid2293_description.txt,3
2079,aid2741_description.txt,3
2080,aid2426_description.txt,1
2081,aid1167_description.txt,3
2082,aid91_description.txt,5
2083,aid1542_description.txt,3
2084,aid474_description.txt,3
2085,aid2257_description.txt,1
2086,aid1628_description.txt,3
2087,aid308_description.txt,4
2088,aid1981_description.txt,3
2089,aid2196_description.txt,3
2090,aid1210_description.txt,1
2091,aid1735_description.txt,0
2092,aid2409_description.txt,3
2093,aid1022_description.txt,3
2094,aid1710_description.txt,1
2095,aid1973_description.txt,3
2096,aid1741_description.txt,0
2097,aid876_description.txt,3
2098,aid797_description.txt,3
2099,aid1492_description.txt,1
2100,aid2616_description.txt,0
2101,aid1602_description.txt,3
2102,aid1370_description.txt,3
2103,aid1307_description.txt,3
2104,aid2290_description.txt,3
2105,aid1189_description.txt,3
2106,aid1837_description.txt,3
2107,aid1978_description.txt,3
2108,aid1871_description.txt,3
2109,aid381_description.txt,3
2110,aid2314_description.txt,3
2111,aid796_description.txt,3
2112,aid665_description.txt,2
2113,aid511_description.txt,3
2114,aid194_description.txt,4
2115,aid2128_description.txt,1
2116,aid973_description.txt,2
2117,aid222_description.txt,4
2118,aid2419_description.txt,3
2119,aid2163_description.txt,3
2120,aid1866_description.txt,1
2121,aid601_description.txt,3
2122,aid2736_description.txt,3
2123,aid1597_description.txt,3
2124,aid33_description.txt,5
2125,aid877_description.txt,3
2126,aid1499_description.txt,3
2127,aid2437_description.txt,0
2128,aid2002_description.txt,3
2129,aid1798_description.txt,0
2130,aid849_description.txt,3
2131,aid1661_description.txt,3
2132,aid560_description.txt,1
2133,aid1806_description.txt,3
2134,aid2224_description.txt,1
2135,aid868_description.txt,3
2136,aid450_description.txt,3
2137,aid1385_description.txt,3
2138,aid1352_description.txt,3
2139,aid2086_description.txt,3
2140,aid2665_description.txt,0
2141,aid226_description.txt,4
2142,aid804_description.txt,3
2143,aid806_description.txt,3
2144,index.html?C=D;O=D,3
2145,aid2599_description.txt,3
2146,aid756_description.txt,3
2147,aid755_description.txt,1
2148,aid2274_description.txt,3
2149,aid37_description.txt,5
2150,aid1654_description.txt,3
2151,aid1367_description.txt,3
2152,aid1660_description.txt,1
2153,aid1315_description.txt,3
2154,aid735_description.txt,3
2155,aid1049_description.txt,1
2156,aid2326_description.txt,3
2157,aid2417_description.txt,3
2158,aid2006_description.txt,3
2159,aid2031_description.txt,3
2160,aid1608_description.txt,3
2161,aid1663_description.txt,3
2162,aid2211_description.txt,1
2163,aid2141_description.txt,3
2164,aid2210_description.txt,1
2165,index.html?C=D;O=A,3
2166,aid374_description.txt,3
2167,aid2092_description.txt,3
2168,aid1700_description.txt,3
2169,aid820_description.txt,3
2170,aid1622_description.txt,3
2171,aid653_description.txt,3
2172,aid1056_description.txt,3
2173,aid1270_description.txt,3
2174,aid79_description.txt,5
2175,aid1393_description.txt,3
2176,aid2169_description.txt,3
2177,aid2044_description.txt,3
2178,aid1844_description.txt,1
2179,aid2758_description.txt,1
2180,aid2452_description.txt,3
2181,aid360_description.txt,3
2182,aid2617_description.txt,3
2183,aid573_description.txt,3
2184,aid945_description.txt,3
2185,aid284_description.txt,4
2186,aid705_description.txt,3
2187,aid1786_description.txt,1
2188,aid1241_description.txt,3
2189,aid2223_description.txt,3
2190,aid1717_description.txt,0
2191,aid2708_description.txt,3
2192,aid893_description.txt,3
2193,aid274_description.txt,4
2194,aid492_description.txt,3
2195,aid121_description.txt,5
2196,aid2526_description.txt,3
2197,aid1002_description.txt,3
2198,aid2385_description.txt,3
2199,aid669_description.txt,3
2200,aid1143_description.txt,3
2201,aid2019_description.txt,3
2202,aid2081_description.txt,3
2203,aid2115_description.txt,3
2204,aid1392_description.txt,3
2205,aid1592_description.txt,3
2206,aid1585_description.txt,3
2207,aid2732_description.txt,3
2208,aid864_description.txt,1
2209,aid1961_description.txt,1
2210,aid1465_description.txt,3
2211,aid1941_description.txt,3
2212,aid760_description.txt,3
2213,aid2454_description.txt,3
2214,aid1776_description.txt,3
2215,aid1320_description.txt,3
2216,aid2222_description.txt,3
2217,aid1185_description.txt,3
2218,aid589_description.txt,3
2219,aid434965_description.txt,3
2220,aid998_description.txt,3
2221,aid2687_description.txt,3
2222,aid666_description.txt,2
2223,aid2199_description.txt,0
2224,aid640_description.txt,3
2225,aid2760_description.txt,3
2226,aid1757_description.txt,0
2227,aid2107_description.txt,3
2228,aid1008_description.txt,3
2229,aid2430_description.txt,0
2230,aid1084_description.txt,3
2231,aid2015_description.txt,3
2232,aid2273_description.txt,3
2233,aid418_description.txt,3
2234,aid2205_description.txt,3
2235,aid2510_description.txt,1
2236,aid2182_description.txt,0
2237,aid2449_description.txt,1
2238,aid2321_description.txt,3
2239,aid2068_description.txt,3
2240,aid1279_description.txt,1
2241,aid1957_description.txt,3
2242,aid1914_description.txt,3
2243,aid1207_description.txt,3
2244,aid1853_description.txt,1
2245,aid296_description.txt,4
2246,aid2114_description.txt,3
2247,aid1648_description.txt,3
2248,aid563_description.txt,3
2249,aid1849_description.txt,3
2250,aid2384_description.txt,3
2251,aid1498_description.txt,3
2252,aid857_description.txt,0
2253,aid1446_description.txt,3
2254,aid2783_description.txt,3
2255,aid749_description.txt,1
2256,aid612_description.txt,1
2257,aid1789_description.txt,3
2258,aid2157_description.txt,3
2259,aid186_description.txt,4
2260,aid539_description.txt,3
2261,aid2524_description.txt,3
2262,aid1972_description.txt,3
2263,aid972_description.txt,2
2264,aid2810_description.txt,3
2265,aid496_description.txt,3
2266,aid634_description.txt,3
2267,aid1541_description.txt,3
2268,aid2735_description.txt,3
2269,aid1283_description.txt,3
2270,aid1527_description.txt,1
2271,aid1200_description.txt,3
2272,aid1090_description.txt,3
2273,aid951_description.txt,3
2274,aid957_description.txt,3
2275,aid1649_description.txt,1
2276,aid1518_description.txt,1
2277,aid1072_description.txt,3
2278,aid2472_description.txt,3
2279,aid1916_description.txt,3
2280,aid1477_description.txt,3
2281,aid2555_description.txt,1
2282,aid996_description.txt,3
2283,aid1506_description.txt,3
2284,aid1920_description.txt,1
2285,aid2249_description.txt,3
2286,aid105_description.txt,5
2287,aid123_description.txt,5
2288,aid724_description.txt,1
2289,aid2695_description.txt,3
2290,aid175_description.txt,4
2291,aid1071_description.txt,3
2292,aid704_description.txt,3
2293,aid1794_description.txt,3
2294,aid1842_description.txt,3
2295,aid2193_description.txt,0
2296,aid1784_description.txt,3
2297,aid2283_description.txt,3
2298,aid937_description.txt,3
2299,aid1399_description.txt,3
2300,aid2828_description.txt,3
2301,aid2667_description.txt,3
2302,aid577_description.txt,3
2303,aid919_description.txt,3
2304,aid1504_description.txt,3
2305,aid447_description.txt,3
2306,aid917_description.txt,3
2307,aid27_description.txt,5
2308,aid1683_description.txt,3
2309,aid1748_description.txt,3
2310,aid2692_description.txt,1
2311,aid1355_description.txt,3
2312,aid1256_description.txt,1
2313,aid916_description.txt,3
2314,aid2402_description.txt,3
2315,aid504_description.txt,3
2316,aid610_description.txt,1
2317,aid1839_description.txt,3
2318,aid366_description.txt,3
2319,aid1609_description.txt,3
2320,aid1611_description.txt,3
2321,aid2652_description.txt,3
2322,aid1390_description.txt,3
2323,aid1166_description.txt,3
2324,aid2342_description.txt,3
2325,aid576_description.txt,3
2326,aid656_description.txt,2
2327,aid1726_description.txt,3
2328,aid101_description.txt,5
2329,aid2229_description.txt,3
2330,aid2162_description.txt,3
2331,aid1989_description.txt,1
2332,aid182_description.txt,4
2333,aid1830_description.txt,3
2334,aid2176_description.txt,3
2335,aid1097_description.txt,3
2336,aid480_description.txt,3
2337,aid966_description.txt,2
2338,aid2479_description.txt,1
2339,aid436_description.txt,3
2340,aid1604_description.txt,3
2341,aid167_description.txt,4
2342,aid1080_description.txt,0
2343,aid1425_description.txt,1
2344,aid1474_description.txt,3
2345,aid398_description.txt,3
2346,aid2180_description.txt,0
2347,aid607_description.txt,3
2348,aid1724_description.txt,3
2349,aid1146_description.txt,3
2350,aid890_description.txt,3
2351,aid1565_description.txt,3
2352,aid2014_description.txt,3
2353,aid855_description.txt,3
2354,aid179_description.txt,3
2355,aid2581_description.txt,3
2356,aid1945_description.txt,3
2357,aid1273_description.txt,3
2358,aid559_description.txt,3
2359,aid1505_description.txt,3
2360,aid718_description.txt,1
2361,aid1442_description.txt,3
2362,aid1903_description.txt,3
2363,aid2129_description.txt,3
2364,aid861_description.txt,1
2365,aid2018_description.txt,3
2366,aid2624_description.txt,3
2367,aid2436_description.txt,3
2368,aid2440_description.txt,3
2369,aid783_description.txt,3
2370,aid1303_description.txt,3
2371,aid2085_description.txt,3
2372,aid161_description.txt,4
2373,aid2432_description.txt,3
2374,aid1206_description.txt,3
2375,aid234_description.txt,4
2376,aid1637_description.txt,3
2377,aid240_description.txt,4
2378,aid2435_description.txt,1
2379,aid1420_description.txt,3
2380,aid463_description.txt,3
2381,aid1195_description.txt,3
2382,aid629_description.txt,1
2383,aid2007_description.txt,3
2384,aid1301_description.txt,1
2385,aid1149_description.txt,3
2386,aid1704_description.txt,1
2387,aid2287_description.txt,3
2388,aid1606_description.txt,3
2389,aid1668_description.txt,1
2390,aid2744_description.txt,3
2391,aid1225_description.txt,1
2392,aid1197_description.txt,3
2393,aid1302_description.txt,3
2394,aid465_description.txt,3
2395,aid1859_description.txt,3
2396,aid927_description.txt,3
2397,aid2762_description.txt,3
2398,aid111_description.txt,5
2399,aid1427_description.txt,1
2400,aid1245_description.txt,3
2401,aid1110_description.txt,3
2402,aid2306_description.txt,3
2403,aid2362_description.txt,3
2404,aid1249_description.txt,3
2405,aid1128_description.txt,3
2406,aid1031_description.txt,3
2407,aid1396_description.txt,3
2408,aid2355_description.txt,3
2409,aid270_description.txt,4
2410,aid310_description.txt,4
2411,aid655_description.txt,2
2412,aid943_description.txt,1
2413,aid109_description.txt,5
2414,aid2175_description.txt,3
2415,aid1422_description.txt,3
